method_id,run_id,sequence_index,sequence_id,sequence_sha256,checkpoint_seed,eval_seed,beta,gamma,K,task_count,completed_count,total_cost_pddl,mean_cost_pddl,total_actions,auto_success_count,auto_success_rate,source_json,source_sha256
myopic_fd_optimal,myopic_fd_optimal__seedfixed__seq00,0,iid-eval-seq-00,b9f56299ab63913fe07b0e9513abfd1a83809107f9bef4cb614cbfb9f798f0e6,,0,,,,50,50,56725.0,1134.5,305,15,0.3,results/canonical_oracles/myopic_opt_seq00.json,864f6958892b70b024fe8bd4ce5e1962aeff428090f62ef4f4d5f48e2ddc316a
myopic_fd_optimal,myopic_fd_optimal__seedfixed__seq01,1,iid-eval-seq-01,32e56cebf5f9b0b1dd315e65671f9c00c83dc4391f37f3267b59eb934aa25a27,,0,,,,50,50,67075.0,1341.5,347,12,0.24,results/canonical_oracles/myopic_opt_seq01.json,96d2cc08621c6fa39a51f2b44ee7b4b6760d9d936096991f3c0046a5e8a2e951
myopic_fd_optimal,myopic_fd_optimal__seedfixed__seq02,2,iid-eval-seq-02,0ebfe015cf9c9bedd6a2bb21e36385e39c163b34bafeaba83f5f732766f02cf2,,0,,,,50,50,77200.0,1544.0,400,8,0.16,results/canonical_oracles/myopic_opt_seq02.json,e816fceefa9c5685f8aac54adaf2da01969f5f493fcc4f91ba0fe673f826f4d1
myopic_fd_optimal,myopic_fd_optimal__seedfixed__seq03,3,iid-eval-seq-03,e3437ffcac376bf3ea5d751859212f6778d88875db803026db7d34eef69e0714,,0,,,,50,50,63050.0,1261.0,311,12,0.24,results/canonical_oracles/myopic_opt_seq03.json,d66c2155fdeb8848371e0219bbabe444b624c3619a1a1658f2ea88dd8527a682
myopic_fd_optimal,myopic_fd_optimal__seedfixed__seq04,4,iid-eval-seq-04,502732a7ff83502a0dd3136bcb3499307773c560375b78df4b7c4eb5e4f94e94,,0,,,,50,50,44525.0,890.5,256,20,0.4,results/canonical_oracles/myopic_opt_seq04.json,36622b0b84efa5da6427d4e770d9d422c61c8fcd5b655e73e6cff49d4f747e62
myopic_fd_optimal,myopic_fd_optimal__seedfixed__seq05,5,iid-eval-seq-05,b40350df15f01488efc79a2867bfbe2c0cac06e31d9b4bdcb7da6ba9eb3b31be,,0,,,,50,50,70775.0,1415.5,382,9,0.18,results/canonical_oracles/myopic_opt_seq05.json,13aa57885932a03e88acc72dcc55813e38c9f54ed450bfc4fdadbf9a1b27c653
myopic_fd_optimal,myopic_fd_optimal__seedfixed__seq06,6,iid-eval-seq-06,3aa36a695104f12fbab3d6c175726994f0cdf0279209a48b66ea7569f69bf19f,,0,,,,50,50,52875.0,1057.5,255,19,0.38,results/canonical_oracles/myopic_opt_seq06.json,62beef62199ab1043ec6cee053fa4fa0ce9e90b9482cee55243a7ac14d1917e8
myopic_fd_optimal,myopic_fd_optimal__seedfixed__seq07,7,iid-eval-seq-07,7b40cf629c8d104a7cc0dc2ba956ac0fc6f3039d4192e2db4a22aaed075133a8,,0,,,,50,50,82975.0,1659.5,423,5,0.1,results/canonical_oracles/myopic_opt_seq07.json,1004e172e6f1f1d92394bb52e48f9844dd967d7e0fe612d4611e3382cfed12c5
myopic_fd_optimal,myopic_fd_optimal__seedfixed__seq08,8,iid-eval-seq-08,87c009d1e3bd03fa5e16a46f7b275c56a6ef8a18ac407425f4650a7f4ca63248,,0,,,,50,50,78400.0,1568.0,421,10,0.2,results/canonical_oracles/myopic_opt_seq08.json,d199e925aa854625994a0f2a4090294e860edd3c726525eb78ca34090b4cb31e
myopic_fd_optimal,myopic_fd_optimal__seedfixed__seq09,9,iid-eval-seq-09,6ae017f60a6803c7ca2238368acbdf87ed6411c70bc3fffa12bfce71f8dc731a,,0,,,,50,50,76425.0,1528.5,377,8,0.16,results/canonical_oracles/myopic_opt_seq09.json,d2e6a5a39d1eaedb2fb6865b05084da375f504bc9c7d0aea27ed72cdcde67687
clairvoyant_k3_lama,clairvoyant_k3_lama__seedfixed__seq00,0,iid-eval-seq-00,b9f56299ab63913fe07b0e9513abfd1a83809107f9bef4cb614cbfb9f798f0e6,,0,,,3,50,50,36125.0,722.5,319,22,0.44,results/canonical_oracles/clairvoyant_k3_seq00.json,6bd6f1d9bd03f34d424ed0a44fc5a5d67c33a8abf79320640fcfb8882f302932
clairvoyant_k3_lama,clairvoyant_k3_lama__seedfixed__seq01,1,iid-eval-seq-01,32e56cebf5f9b0b1dd315e65671f9c00c83dc4391f37f3267b59eb934aa25a27,,0,,,3,50,50,41275.0,825.5,349,18,0.36,results/canonical_oracles/clairvoyant_k3_seq01.json,d2337a8b5f03e87fe775b5ec4b2284b217242c3f8211edcceb847d8581eb99f1
clairvoyant_k3_lama,clairvoyant_k3_lama__seedfixed__seq02,2,iid-eval-seq-02,0ebfe015cf9c9bedd6a2bb21e36385e39c163b34bafeaba83f5f732766f02cf2,,0,,,3,50,50,42250.0,845.0,394,15,0.3,results/canonical_oracles/clairvoyant_k3_seq02.json,d3707836ef7d2a06ea80e0132563ff623336aa7e284d7d1335b22df792934b60
clairvoyant_k3_lama,clairvoyant_k3_lama__seedfixed__seq03,3,iid-eval-seq-03,e3437ffcac376bf3ea5d751859212f6778d88875db803026db7d34eef69e0714,,0,,,3,50,50,33125.0,662.5,315,15,0.3,results/canonical_oracles/clairvoyant_k3_seq03.json,2b1ae57e3da4e147d39cc089fe88e1766dfdb6f5338c61c09c504ddfa2e69f1c
clairvoyant_k3_lama,clairvoyant_k3_lama__seedfixed__seq04,4,iid-eval-seq-04,502732a7ff83502a0dd3136bcb3499307773c560375b78df4b7c4eb5e4f94e94,,0,,,3,50,50,31675.0,633.5,260,27,0.54,results/canonical_oracles/clairvoyant_k3_seq04.json,98dbe3829a037afbeaae6cb93ab9026dbea03bb67ecc7111c2d8e0906df75090
clairvoyant_k3_lama,clairvoyant_k3_lama__seedfixed__seq05,5,iid-eval-seq-05,b40350df15f01488efc79a2867bfbe2c0cac06e31d9b4bdcb7da6ba9eb3b31be,,0,,,3,50,50,40850.0,817.0,382,16,0.32,results/canonical_oracles/clairvoyant_k3_seq05.json,35e6de87f8f046aa636e1862943e631d722920cb28d46f3d083e5dcaad7c0b23
clairvoyant_k3_lama,clairvoyant_k3_lama__seedfixed__seq06,6,iid-eval-seq-06,3aa36a695104f12fbab3d6c175726994f0cdf0279209a48b66ea7569f69bf19f,,0,,,3,50,50,29700.0,594.0,265,19,0.38,results/canonical_oracles/clairvoyant_k3_seq06.json,2b0211b5fb4bf7e7c6a5cdac360e9dcbb546464f0574979a4726856a5a6fa5f1
clairvoyant_k3_lama,clairvoyant_k3_lama__seedfixed__seq07,7,iid-eval-seq-07,7b40cf629c8d104a7cc0dc2ba956ac0fc6f3039d4192e2db4a22aaed075133a8,,0,,,3,50,50,45400.0,908.0,418,9,0.18,results/canonical_oracles/clairvoyant_k3_seq07.json,e8a107cf299adc9abad7e60123e0d3b0d531bf37d3910c4081faa037548684ca
clairvoyant_k3_lama,clairvoyant_k3_lama__seedfixed__seq08,8,iid-eval-seq-08,87c009d1e3bd03fa5e16a46f7b275c56a6ef8a18ac407425f4650a7f4ca63248,,0,,,3,50,50,50200.0,1004.0,431,15,0.3,results/canonical_oracles/clairvoyant_k3_seq08.json,b1753ad610a80290e733a654f361b6e99c575b5e48363607092d4d40b2d04d7c
clairvoyant_k3_lama,clairvoyant_k3_lama__seedfixed__seq09,9,iid-eval-seq-09,6ae017f60a6803c7ca2238368acbdf87ed6411c70bc3fffa12bfce71f8dc731a,,0,,,3,50,50,40525.0,810.5,374,10,0.2,results/canonical_oracles/clairvoyant_k3_seq09.json,cd4fef8604b20848946a264b43df351cd6a37ea550dc1955f8401c43f8293afd
myopic_dqn_beta1,myopic_dqn_beta1__seed0__seq00,0,iid-eval-seq-00,b9f56299ab63913fe07b0e9513abfd1a83809107f9bef4cb614cbfb9f798f0e6,0,0,1.0,0.97,,50,50,56525.0,1130.5,303,15,0.3,results/bellman_myopic_beta1.0/myopic_seed0_iid-eval-seq-00.json,db329682b005563c57b0f967ba22db5a768b1a7c43017fa3d8df250a771c28f0
myopic_dqn_beta1,myopic_dqn_beta1__seed0__seq01,1,iid-eval-seq-01,32e56cebf5f9b0b1dd315e65671f9c00c83dc4391f37f3267b59eb934aa25a27,0,0,1.0,0.97,,50,50,67075.0,1341.5,347,12,0.24,results/bellman_myopic_beta1.0/myopic_seed0_iid-eval-seq-01.json,408f4aef50e9fed846ff017c3c0ba1d2f5b2ed99d10182a287429197ab91c0bf
myopic_dqn_beta1,myopic_dqn_beta1__seed0__seq02,2,iid-eval-seq-02,0ebfe015cf9c9bedd6a2bb21e36385e39c163b34bafeaba83f5f732766f02cf2,0,0,1.0,0.97,,50,50,76625.0,1532.5,393,8,0.16,results/bellman_myopic_beta1.0/myopic_seed0_iid-eval-seq-02.json,2f2c1ebc4c23c030d6315a69cd26516e056d919fa0b00c342c1928d377dffc56
myopic_dqn_beta1,myopic_dqn_beta1__seed0__seq03,3,iid-eval-seq-03,e3437ffcac376bf3ea5d751859212f6778d88875db803026db7d34eef69e0714,0,0,1.0,0.97,,50,50,62850.0,1257.0,309,12,0.24,results/bellman_myopic_beta1.0/myopic_seed0_iid-eval-seq-03.json,aebd0576e6ff2aec5886bc2d76fb09e785a57ed0a48334e5cd7e09f14fcdd7d8
myopic_dqn_beta1,myopic_dqn_beta1__seed0__seq04,4,iid-eval-seq-04,502732a7ff83502a0dd3136bcb3499307773c560375b78df4b7c4eb5e4f94e94,0,0,1.0,0.97,,50,50,44250.0,885.0,254,20,0.4,results/bellman_myopic_beta1.0/myopic_seed0_iid-eval-seq-04.json,e7cc61fbdf7ca5f77440c0da3976b78ad62ad74c53ba70f8dadd424944b2321f
myopic_dqn_beta1,myopic_dqn_beta1__seed0__seq05,5,iid-eval-seq-05,b40350df15f01488efc79a2867bfbe2c0cac06e31d9b4bdcb7da6ba9eb3b31be,0,0,1.0,0.97,,50,50,70200.0,1404.0,375,10,0.2,results/bellman_myopic_beta1.0/myopic_seed0_iid-eval-seq-05.json,ae8e911d19e2ac43f76343ec8413581f897a9076d1c83ec384f058d449437645
myopic_dqn_beta1,myopic_dqn_beta1__seed0__seq06,6,iid-eval-seq-06,3aa36a695104f12fbab3d6c175726994f0cdf0279209a48b66ea7569f69bf19f,0,0,1.0,0.97,,50,50,52175.0,1043.5,248,19,0.38,results/bellman_myopic_beta1.0/myopic_seed0_iid-eval-seq-06.json,2747f11692983224d4a47470d15fc2654f2a6b85432bb7369d13dfb36f565129
myopic_dqn_beta1,myopic_dqn_beta1__seed0__seq07,7,iid-eval-seq-07,7b40cf629c8d104a7cc0dc2ba956ac0fc6f3039d4192e2db4a22aaed075133a8,0,0,1.0,0.97,,50,50,82700.0,1654.0,420,5,0.1,results/bellman_myopic_beta1.0/myopic_seed0_iid-eval-seq-07.json,46eaa4f3e507af4bc946d0893b8fa35649a32f9b80d9c81d0a7665200f6bbf8c
myopic_dqn_beta1,myopic_dqn_beta1__seed0__seq08,8,iid-eval-seq-08,87c009d1e3bd03fa5e16a46f7b275c56a6ef8a18ac407425f4650a7f4ca63248,0,0,1.0,0.97,,50,50,78625.0,1572.5,425,10,0.2,results/bellman_myopic_beta1.0/myopic_seed0_iid-eval-seq-08.json,b25be8dcace31e5c24ea8a26672c7ae8fd0c3caf28034d54ea87e092df752b3c
myopic_dqn_beta1,myopic_dqn_beta1__seed0__seq09,9,iid-eval-seq-09,6ae017f60a6803c7ca2238368acbdf87ed6411c70bc3fffa12bfce71f8dc731a,0,0,1.0,0.97,,50,50,76825.0,1536.5,383,7,0.14,results/bellman_myopic_beta1.0/myopic_seed0_iid-eval-seq-09.json,20e4245a8326b279a6e67554d87143f3c96b4a21961c9af6f21085774c1867eb
myopic_dqn_beta1,myopic_dqn_beta1__seed4__seq00,0,iid-eval-seq-00,b9f56299ab63913fe07b0e9513abfd1a83809107f9bef4cb614cbfb9f798f0e6,4,0,1.0,0.97,,50,50,56375.0,1127.5,302,16,0.32,results/bellman_myopic_beta1.0/myopic_seed4_iid-eval-seq-00.json,97a8e02b1740d2a465fbb289934c1910cfd5a4407cb3e43a9a033faa307c8322
myopic_dqn_beta1,myopic_dqn_beta1__seed4__seq01,1,iid-eval-seq-01,32e56cebf5f9b0b1dd315e65671f9c00c83dc4391f37f3267b59eb934aa25a27,4,0,1.0,0.97,,50,50,67075.0,1341.5,347,12,0.24,results/bellman_myopic_beta1.0/myopic_seed4_iid-eval-seq-01.json,af809c12b77ff78e7e484365dd58fcf7c225fd9a87e19d334cc38aa29cde4e44
myopic_dqn_beta1,myopic_dqn_beta1__seed4__seq02,2,iid-eval-seq-02,0ebfe015cf9c9bedd6a2bb21e36385e39c163b34bafeaba83f5f732766f02cf2,4,0,1.0,0.97,,50,50,76625.0,1532.5,393,8,0.16,results/bellman_myopic_beta1.0/myopic_seed4_iid-eval-seq-02.json,cbc6449fe9f9409f8ea5cbfc0d758be83d20bfb232562cb223da81de0a502741
myopic_dqn_beta1,myopic_dqn_beta1__seed4__seq03,3,iid-eval-seq-03,e3437ffcac376bf3ea5d751859212f6778d88875db803026db7d34eef69e0714,4,0,1.0,0.97,,50,50,62850.0,1257.0,309,12,0.24,results/bellman_myopic_beta1.0/myopic_seed4_iid-eval-seq-03.json,293098409520e435f3d1d5346d311f74c34db0e3877dedaba968c2229bf24d2f
myopic_dqn_beta1,myopic_dqn_beta1__seed4__seq04,4,iid-eval-seq-04,502732a7ff83502a0dd3136bcb3499307773c560375b78df4b7c4eb5e4f94e94,4,0,1.0,0.97,,50,50,44250.0,885.0,254,20,0.4,results/bellman_myopic_beta1.0/myopic_seed4_iid-eval-seq-04.json,ada086f57a535f0a4321304dada491682c1aaca5dcdb7510816ad9b7be1a6e3d
myopic_dqn_beta1,myopic_dqn_beta1__seed4__seq05,5,iid-eval-seq-05,b40350df15f01488efc79a2867bfbe2c0cac06e31d9b4bdcb7da6ba9eb3b31be,4,0,1.0,0.97,,50,50,70500.0,1410.0,379,9,0.18,results/bellman_myopic_beta1.0/myopic_seed4_iid-eval-seq-05.json,24bee171a0b46481187dfffb90257327015993faf887b590e22ef6591b8b93c6
myopic_dqn_beta1,myopic_dqn_beta1__seed4__seq06,6,iid-eval-seq-06,3aa36a695104f12fbab3d6c175726994f0cdf0279209a48b66ea7569f69bf19f,4,0,1.0,0.97,,50,50,52175.0,1043.5,248,19,0.38,results/bellman_myopic_beta1.0/myopic_seed4_iid-eval-seq-06.json,08c4b92873d930ab6e6e8053bcafa5bfcdff8fa6f0d6434549d9f118227c0ae1
myopic_dqn_beta1,myopic_dqn_beta1__seed4__seq07,7,iid-eval-seq-07,7b40cf629c8d104a7cc0dc2ba956ac0fc6f3039d4192e2db4a22aaed075133a8,4,0,1.0,0.97,,50,50,82700.0,1654.0,420,5,0.1,results/bellman_myopic_beta1.0/myopic_seed4_iid-eval-seq-07.json,97d84205181bf577d827d0d20a9a142c6c7e5409c20b34b69667dd60f687b1d8
myopic_dqn_beta1,myopic_dqn_beta1__seed4__seq08,8,iid-eval-seq-08,87c009d1e3bd03fa5e16a46f7b275c56a6ef8a18ac407425f4650a7f4ca63248,4,0,1.0,0.97,,50,50,78675.0,1573.5,425,10,0.2,results/bellman_myopic_beta1.0/myopic_seed4_iid-eval-seq-08.json,cd51df35f9e56ead4f23bdc07fde22146dd84ef928bac7f38af57bcdb0eeb46b
myopic_dqn_beta1,myopic_dqn_beta1__seed4__seq09,9,iid-eval-seq-09,6ae017f60a6803c7ca2238368acbdf87ed6411c70bc3fffa12bfce71f8dc731a,4,0,1.0,0.97,,50,50,76825.0,1536.5,383,7,0.14,results/bellman_myopic_beta1.0/myopic_seed4_iid-eval-seq-09.json,6d3b2c69245a14b3a0563cb2052dea5138b4b4564d965fbbad657ba0c81aefa4
myopic_dqn_beta1,myopic_dqn_beta1__seed8__seq00,0,iid-eval-seq-00,b9f56299ab63913fe07b0e9513abfd1a83809107f9bef4cb614cbfb9f798f0e6,8,0,1.0,0.97,,50,50,56825.0,1136.5,308,15,0.3,results/bellman_myopic_beta1.0/myopic_seed8_iid-eval-seq-00.json,ff933b5963fecf24b2f200322379ed16f67d3d448a0ca6dd186be2a499d3acc9
myopic_dqn_beta1,myopic_dqn_beta1__seed8__seq01,1,iid-eval-seq-01,32e56cebf5f9b0b1dd315e65671f9c00c83dc4391f37f3267b59eb934aa25a27,8,0,1.0,0.97,,50,50,67075.0,1341.5,347,12,0.24,results/bellman_myopic_beta1.0/myopic_seed8_iid-eval-seq-01.json,4381b22eeeeef1f64e922b2151a2f9e63442fe24911c5036e46cc91fc523e527
myopic_dqn_beta1,myopic_dqn_beta1__seed8__seq02,2,iid-eval-seq-02,0ebfe015cf9c9bedd6a2bb21e36385e39c163b34bafeaba83f5f732766f02cf2,8,0,1.0,0.97,,50,50,76900.0,1538.0,397,8,0.16,results/bellman_myopic_beta1.0/myopic_seed8_iid-eval-seq-02.json,27f50f9e11672ec393d57352dec6173dcea4bae4855827c6bfae721daf321ed4
myopic_dqn_beta1,myopic_dqn_beta1__seed8__seq03,3,iid-eval-seq-03,e3437ffcac376bf3ea5d751859212f6778d88875db803026db7d34eef69e0714,8,0,1.0,0.97,,50,50,62850.0,1257.0,309,12,0.24,results/bellman_myopic_beta1.0/myopic_seed8_iid-eval-seq-03.json,02563e3e6c196cc196d5a29ebee25ee5853daf2519efd7187c6edd2d1d20b82f
myopic_dqn_beta1,myopic_dqn_beta1__seed8__seq04,4,iid-eval-seq-04,502732a7ff83502a0dd3136bcb3499307773c560375b78df4b7c4eb5e4f94e94,8,0,1.0,0.97,,50,50,44250.0,885.0,254,20,0.4,results/bellman_myopic_beta1.0/myopic_seed8_iid-eval-seq-04.json,5596da18c199225fd5754cf8e99c7114ca4a096505e50b496abc5bd884cd032e
myopic_dqn_beta1,myopic_dqn_beta1__seed8__seq05,5,iid-eval-seq-05,b40350df15f01488efc79a2867bfbe2c0cac06e31d9b4bdcb7da6ba9eb3b31be,8,0,1.0,0.97,,50,50,70500.0,1410.0,379,9,0.18,results/bellman_myopic_beta1.0/myopic_seed8_iid-eval-seq-05.json,baf7e6f28969d7d8be5d17810a054e81f796f5e2a8041ee4c48ff7f54ac88483
myopic_dqn_beta1,myopic_dqn_beta1__seed8__seq06,6,iid-eval-seq-06,3aa36a695104f12fbab3d6c175726994f0cdf0279209a48b66ea7569f69bf19f,8,0,1.0,0.97,,50,50,52175.0,1043.5,248,19,0.38,results/bellman_myopic_beta1.0/myopic_seed8_iid-eval-seq-06.json,d979c1dcc3348ec246ff707f8afa9bdd15740a715c1f4b64aaa4f6fbf01acd69
myopic_dqn_beta1,myopic_dqn_beta1__seed8__seq07,7,iid-eval-seq-07,7b40cf629c8d104a7cc0dc2ba956ac0fc6f3039d4192e2db4a22aaed075133a8,8,0,1.0,0.97,,50,50,82700.0,1654.0,420,5,0.1,results/bellman_myopic_beta1.0/myopic_seed8_iid-eval-seq-07.json,cc2e685fa149b845bda55cb169c1523754a1617a6cfb4c568677d0566d693615
myopic_dqn_beta1,myopic_dqn_beta1__seed8__seq08,8,iid-eval-seq-08,87c009d1e3bd03fa5e16a46f7b275c56a6ef8a18ac407425f4650a7f4ca63248,8,0,1.0,0.97,,50,50,78675.0,1573.5,425,10,0.2,results/bellman_myopic_beta1.0/myopic_seed8_iid-eval-seq-08.json,fd7f45e5cdb93abae429a001617409241fc76323c3adef57d19ffb6daeb858cc
myopic_dqn_beta1,myopic_dqn_beta1__seed8__seq09,9,iid-eval-seq-09,6ae017f60a6803c7ca2238368acbdf87ed6411c70bc3fffa12bfce71f8dc731a,8,0,1.0,0.97,,50,50,76225.0,1524.5,375,8,0.16,results/bellman_myopic_beta1.0/myopic_seed8_iid-eval-seq-09.json,a5c5aac5d29730af4b95709aa8fa2f3680accd9d2d3c3c87293a07ef08ac3ad7
myopic_dqn_beta1,myopic_dqn_beta1__seed16__seq00,0,iid-eval-seq-00,b9f56299ab63913fe07b0e9513abfd1a83809107f9bef4cb614cbfb9f798f0e6,16,0,1.0,0.97,,50,50,56925.0,1138.5,315,15,0.3,results/bellman_myopic_beta1.0/myopic_seed16_iid-eval-seq-00.json,f8e785e6840c8dff3fcdea87c738be855fd1251d3bf5a8b441c4ce23f0a5bb59
myopic_dqn_beta1,myopic_dqn_beta1__seed16__seq01,1,iid-eval-seq-01,32e56cebf5f9b0b1dd315e65671f9c00c83dc4391f37f3267b59eb934aa25a27,16,0,1.0,0.97,,50,50,67275.0,1345.5,358,12,0.24,results/bellman_myopic_beta1.0/myopic_seed16_iid-eval-seq-01.json,b81f024d35183590575698f58181c2d598e409d427404ef6f829b8d158f5db26
myopic_dqn_beta1,myopic_dqn_beta1__seed16__seq02,2,iid-eval-seq-02,0ebfe015cf9c9bedd6a2bb21e36385e39c163b34bafeaba83f5f732766f02cf2,16,0,1.0,0.97,,50,50,76900.0,1538.0,407,8,0.16,results/bellman_myopic_beta1.0/myopic_seed16_iid-eval-seq-02.json,b5ebcc9024fadf6ed5fa2fa7620ef90ec94e0371f42ac309d9b58a1108641e65
myopic_dqn_beta1,myopic_dqn_beta1__seed16__seq03,3,iid-eval-seq-03,e3437ffcac376bf3ea5d751859212f6778d88875db803026db7d34eef69e0714,16,0,1.0,0.97,,50,50,63550.0,1271.0,321,12,0.24,results/bellman_myopic_beta1.0/myopic_seed16_iid-eval-seq-03.json,a1999bab86912a730cb610418d7ed4d25917fdc7a1727e9579cbb19ca0fcc506
myopic_dqn_beta1,myopic_dqn_beta1__seed16__seq04,4,iid-eval-seq-04,502732a7ff83502a0dd3136bcb3499307773c560375b78df4b7c4eb5e4f94e94,16,0,1.0,0.97,,50,50,44250.0,885.0,260,20,0.4,results/bellman_myopic_beta1.0/myopic_seed16_iid-eval-seq-04.json,4d160b952a60cd398b14131ae6258ea68330d6e51f59a67a6ee4d3959f6431a1
myopic_dqn_beta1,myopic_dqn_beta1__seed16__seq05,5,iid-eval-seq-05,b40350df15f01488efc79a2867bfbe2c0cac06e31d9b4bdcb7da6ba9eb3b31be,16,0,1.0,0.97,,50,50,71075.0,1421.5,397,9,0.18,results/bellman_myopic_beta1.0/myopic_seed16_iid-eval-seq-05.json,08f23020dae018b7d7a17911afa6233f1ddee0278931df18665c960615965ea9
myopic_dqn_beta1,myopic_dqn_beta1__seed16__seq06,6,iid-eval-seq-06,3aa36a695104f12fbab3d6c175726994f0cdf0279209a48b66ea7569f69bf19f,16,0,1.0,0.97,,50,50,53025.0,1060.5,263,18,0.36,results/bellman_myopic_beta1.0/myopic_seed16_iid-eval-seq-06.json,753156057d64c17af3d3e78540f423bfa922ca2755101a4f711396ce8b56245e
myopic_dqn_beta1,myopic_dqn_beta1__seed16__seq07,7,iid-eval-seq-07,7b40cf629c8d104a7cc0dc2ba956ac0fc6f3039d4192e2db4a22aaed075133a8,16,0,1.0,0.97,,50,50,82975.0,1659.5,438,5,0.1,results/bellman_myopic_beta1.0/myopic_seed16_iid-eval-seq-07.json,35ead662636b3ed5dbbc440d7fa6298164f04fb73bc07674ff547a514b96fc6e
myopic_dqn_beta1,myopic_dqn_beta1__seed16__seq08,8,iid-eval-seq-08,87c009d1e3bd03fa5e16a46f7b275c56a6ef8a18ac407425f4650a7f4ca63248,16,0,1.0,0.97,,50,50,78400.0,1568.0,437,10,0.2,results/bellman_myopic_beta1.0/myopic_seed16_iid-eval-seq-08.json,52b71ff79c372e4fe7fd8728e66d6df061c855eb54c908f02c44dd9471e4b8cb
myopic_dqn_beta1,myopic_dqn_beta1__seed16__seq09,9,iid-eval-seq-09,6ae017f60a6803c7ca2238368acbdf87ed6411c70bc3fffa12bfce71f8dc731a,16,0,1.0,0.97,,50,50,76425.0,1528.5,390,8,0.16,results/bellman_myopic_beta1.0/myopic_seed16_iid-eval-seq-09.json,d5ed7fb4e6fa63ffb3cc43a77c83460d6b3391464643a516e4032fdca0067a8f
anticipatory_dqn_beta1_25,anticipatory_dqn_beta1_25__seed0__seq00,0,iid-eval-seq-00,b9f56299ab63913fe07b0e9513abfd1a83809107f9bef4cb614cbfb9f798f0e6,0,0,1.25,0.97,,50,50,40500.0,810.0,363,14,0.28,runs/full_seq0_both_seed0.json,7ae782495c5ec212bd1ec4d2f864a609a754ebbe77ee78508aada9069526b2a6
anticipatory_dqn_beta1_25,anticipatory_dqn_beta1_25__seed0__seq01,1,iid-eval-seq-01,32e56cebf5f9b0b1dd315e65671f9c00c83dc4391f37f3267b59eb934aa25a27,0,0,1.25,0.97,,50,50,47625.0,952.5,352,13,0.26,runs/full_seq1_both_seed0.json,716b34ee490f1a86fbce6294fd6ae1c24f8df7b810aa1b1711a0c750ebacd5c0
anticipatory_dqn_beta1_25,anticipatory_dqn_beta1_25__seed0__seq02,2,iid-eval-seq-02,0ebfe015cf9c9bedd6a2bb21e36385e39c163b34bafeaba83f5f732766f02cf2,0,0,1.25,0.97,,50,50,46000.0,920.0,395,8,0.16,runs/full_seq2_both_seed0.json,13276228cfdbed1627cd525dbbad36362e5b2203b7fc44e80eb0553dc6382f55
anticipatory_dqn_beta1_25,anticipatory_dqn_beta1_25__seed0__seq03,3,iid-eval-seq-03,e3437ffcac376bf3ea5d751859212f6778d88875db803026db7d34eef69e0714,0,0,1.25,0.97,,50,50,48975.0,979.5,307,12,0.24,runs/full_seq3_both_seed0.json,f24a2eee1b9b317aa6358a1bd7741027d32e210f05875d62668ca97ba5637f3e
anticipatory_dqn_beta1_25,anticipatory_dqn_beta1_25__seed0__seq04,4,iid-eval-seq-04,502732a7ff83502a0dd3136bcb3499307773c560375b78df4b7c4eb5e4f94e94,0,0,1.25,0.97,,50,50,32675.0,653.5,251,20,0.4,runs/full_seq4_both_seed0.json,bbd9d1733b78067d13e82c6b88025e46661173c0002514e9986b5d134460060a
anticipatory_dqn_beta1_25,anticipatory_dqn_beta1_25__seed0__seq05,5,iid-eval-seq-05,b40350df15f01488efc79a2867bfbe2c0cac06e31d9b4bdcb7da6ba9eb3b31be,0,0,1.25,0.97,,50,50,54675.0,1093.5,424,10,0.2,runs/full_seq5_both_seed0.json,a4a349af9689dd99cced110da310267514c381be006be3261f42b7602551a461
anticipatory_dqn_beta1_25,anticipatory_dqn_beta1_25__seed0__seq06,6,iid-eval-seq-06,3aa36a695104f12fbab3d6c175726994f0cdf0279209a48b66ea7569f69bf19f,0,0,1.25,0.97,,50,50,37525.0,750.5,254,19,0.38,runs/full_seq6_both_seed0.json,bfec90e0e6cbcb28bb5b4991bae46cc22b49216474c60722fd7d3d8ff97d4ef2
anticipatory_dqn_beta1_25,anticipatory_dqn_beta1_25__seed0__seq07,7,iid-eval-seq-07,7b40cf629c8d104a7cc0dc2ba956ac0fc6f3039d4192e2db4a22aaed075133a8,0,0,1.25,0.97,,50,50,51200.0,1024.0,403,5,0.1,runs/full_seq7_both_seed0.json,c6882e413c23d29c9d686e80166060db1dfdca44a67fabcbc361480e9e0f3bdd
anticipatory_dqn_beta1_25,anticipatory_dqn_beta1_25__seed0__seq08,8,iid-eval-seq-08,87c009d1e3bd03fa5e16a46f7b275c56a6ef8a18ac407425f4650a7f4ca63248,0,0,1.25,0.97,,50,50,53125.0,1062.5,428,10,0.2,runs/full_seq8_both_seed0.json,2042119001ef60465bed9b7b98dddaeeac411808669dd6f0ae3b08d38dd5c526
anticipatory_dqn_beta1_25,anticipatory_dqn_beta1_25__seed0__seq09,9,iid-eval-seq-09,6ae017f60a6803c7ca2238368acbdf87ed6411c70bc3fffa12bfce71f8dc731a,0,0,1.25,0.97,,50,50,45000.0,900.0,383,8,0.16,runs/full_seq9_both_seed0.json,81fed3beb9aa223796b6926cc70b5570cb86e5de7846cafb89e0c859b77b7e8b
anticipatory_dqn_beta1_25,anticipatory_dqn_beta1_25__seed4__seq00,0,iid-eval-seq-00,b9f56299ab63913fe07b0e9513abfd1a83809107f9bef4cb614cbfb9f798f0e6,4,0,1.25,0.97,,50,50,37400.0,748.0,322,14,0.28,runs/full_seq0_both_seed4.json,d19e6e1a5957b32343b16d356a3b503d590cd13a4d6637e1040806a32853368e
anticipatory_dqn_beta1_25,anticipatory_dqn_beta1_25__seed4__seq01,1,iid-eval-seq-01,32e56cebf5f9b0b1dd315e65671f9c00c83dc4391f37f3267b59eb934aa25a27,4,0,1.25,0.97,,50,50,62475.0,1249.5,373,13,0.26,runs/full_seq1_both_seed4.json,c5b36310c5bc8dd5347b6bd71f73a64c1319d5c9a007e5e9b5ce5d88f0ed9083
anticipatory_dqn_beta1_25,anticipatory_dqn_beta1_25__seed4__seq02,2,iid-eval-seq-02,0ebfe015cf9c9bedd6a2bb21e36385e39c163b34bafeaba83f5f732766f02cf2,4,0,1.25,0.97,,50,50,45475.0,909.5,385,8,0.16,runs/full_seq2_both_seed4.json,5a58f1109d4875ccc476bb28eb4b2f7ba39711a566f7b4d7affbe4522b9e7f36
anticipatory_dqn_beta1_25,anticipatory_dqn_beta1_25__seed4__seq03,3,iid-eval-seq-03,e3437ffcac376bf3ea5d751859212f6778d88875db803026db7d34eef69e0714,4,0,1.25,0.97,,50,50,48925.0,978.5,305,12,0.24,runs/full_seq3_both_seed4.json,5bee0cd8383c50824a7a9c12e8124da62add66255dcd7a25affbf3f182b5c1cc
anticipatory_dqn_beta1_25,anticipatory_dqn_beta1_25__seed4__seq04,4,iid-eval-seq-04,502732a7ff83502a0dd3136bcb3499307773c560375b78df4b7c4eb5e4f94e94,4,0,1.25,0.97,,50,50,32825.0,656.5,250,21,0.42,runs/full_seq4_both_seed4.json,0dea214fe7cb9e77ab4adde657ca8f16f165c4ff94cf67b50257bf5ac6abe2a0
anticipatory_dqn_beta1_25,anticipatory_dqn_beta1_25__seed4__seq05,5,iid-eval-seq-05,b40350df15f01488efc79a2867bfbe2c0cac06e31d9b4bdcb7da6ba9eb3b31be,4,0,1.25,0.97,,50,50,52500.0,1050.0,395,12,0.24,runs/full_seq5_both_seed4.json,f95dbbddd3567484abeda0bb843817c098c049adbb2231d43763f0e7cd44ee64
anticipatory_dqn_beta1_25,anticipatory_dqn_beta1_25__seed4__seq06,6,iid-eval-seq-06,3aa36a695104f12fbab3d6c175726994f0cdf0279209a48b66ea7569f69bf19f,4,0,1.25,0.97,,50,50,37800.0,756.0,257,18,0.36,runs/full_seq6_both_seed4.json,2b95e1c1c3ea4968207cc6d5db38feb62f1c628b0fb2f316d8dcaedaf9b75bfe
anticipatory_dqn_beta1_25,anticipatory_dqn_beta1_25__seed4__seq07,7,iid-eval-seq-07,7b40cf629c8d104a7cc0dc2ba956ac0fc6f3039d4192e2db4a22aaed075133a8,4,0,1.25,0.97,,50,50,54450.0,1089.0,426,6,0.12,runs/full_seq7_both_seed4.json,fb162476afcd31b53de4fe77bb9c371e44af4ffad3c9ba5670271a90fa1c392a
anticipatory_dqn_beta1_25,anticipatory_dqn_beta1_25__seed4__seq08,8,iid-eval-seq-08,87c009d1e3bd03fa5e16a46f7b275c56a6ef8a18ac407425f4650a7f4ca63248,4,0,1.25,0.97,,50,50,53350.0,1067.0,419,10,0.2,runs/full_seq8_both_seed4.json,5df97dce186e56c931c7f31075b573a46849a3bf892f53f1c0159ea1cc418432
anticipatory_dqn_beta1_25,anticipatory_dqn_beta1_25__seed4__seq09,9,iid-eval-seq-09,6ae017f60a6803c7ca2238368acbdf87ed6411c70bc3fffa12bfce71f8dc731a,4,0,1.25,0.97,,50,50,45375.0,907.5,399,9,0.18,runs/full_seq9_both_seed4.json,2f6d8155b1cb373e731b98d5759f8adbadaa877c0303d53cc1171bcd9ca491a5
anticipatory_dqn_beta1_25,anticipatory_dqn_beta1_25__seed8__seq00,0,iid-eval-seq-00,b9f56299ab63913fe07b0e9513abfd1a83809107f9bef4cb614cbfb9f798f0e6,8,0,1.25,0.97,,50,50,36100.0,722.0,310,16,0.32,runs/full_seq0_both_seed8.json,7488cb89b0beb3c4c4a6ed12b3cd770ed7a0a52d2c67a735d97b989b9dae3635
anticipatory_dqn_beta1_25,anticipatory_dqn_beta1_25__seed8__seq01,1,iid-eval-seq-01,32e56cebf5f9b0b1dd315e65671f9c00c83dc4391f37f3267b59eb934aa25a27,8,0,1.25,0.97,,50,50,42275.0,845.5,348,12,0.24,runs/full_seq1_both_seed8.json,729668943af0fcd692a76b744ccf5c27e346ca84494a8b437b00655f4e5e464f
anticipatory_dqn_beta1_25,anticipatory_dqn_beta1_25__seed8__seq02,2,iid-eval-seq-02,0ebfe015cf9c9bedd6a2bb21e36385e39c163b34bafeaba83f5f732766f02cf2,8,0,1.25,0.97,,50,50,45950.0,919.0,394,8,0.16,runs/full_seq2_both_seed8.json,fa603799a5ee925a82141cb12e6a88625d5674ce85b09fab140127edba7e297d
anticipatory_dqn_beta1_25,anticipatory_dqn_beta1_25__seed8__seq03,3,iid-eval-seq-03,e3437ffcac376bf3ea5d751859212f6778d88875db803026db7d34eef69e0714,8,0,1.25,0.97,,50,50,49900.0,998.0,318,12,0.24,runs/full_seq3_both_seed8.json,22a7a8fac93fe4bb7c4ef1599152b9a570eea8096bab214bd37ee12b293da5d2
anticipatory_dqn_beta1_25,anticipatory_dqn_beta1_25__seed8__seq04,4,iid-eval-seq-04,502732a7ff83502a0dd3136bcb3499307773c560375b78df4b7c4eb5e4f94e94,8,0,1.25,0.97,,50,50,32925.0,658.5,252,23,0.46,runs/full_seq4_both_seed8.json,9c106bfda3f5a8ba1db1c87b216a50792e6bd67c63141438cfeb086d9665db08
anticipatory_dqn_beta1_25,anticipatory_dqn_beta1_25__seed8__seq05,5,iid-eval-seq-05,b40350df15f01488efc79a2867bfbe2c0cac06e31d9b4bdcb7da6ba9eb3b31be,8,0,1.25,0.97,,50,50,59075.0,1181.5,394,10,0.2,runs/full_seq5_both_seed8.json,8c4598c7e9fd53750fcac4f05ea40bc11a554c5b696b02d4158498b36c46231d
anticipatory_dqn_beta1_25,anticipatory_dqn_beta1_25__seed8__seq06,6,iid-eval-seq-06,3aa36a695104f12fbab3d6c175726994f0cdf0279209a48b66ea7569f69bf19f,8,0,1.25,0.97,,50,50,37875.0,757.5,258,18,0.36,runs/full_seq6_both_seed8.json,7d5ea77a88c4639283b21c35dff674868e132aff67fbb00eff72aaef16026caa
anticipatory_dqn_beta1_25,anticipatory_dqn_beta1_25__seed8__seq07,7,iid-eval-seq-07,7b40cf629c8d104a7cc0dc2ba956ac0fc6f3039d4192e2db4a22aaed075133a8,8,0,1.25,0.97,,50,50,51125.0,1022.5,422,5,0.1,runs/full_seq7_both_seed8.json,840d250f8310ad0d8dec53b914d0b87bec7d7a8bf8a25c3033cdcce878d30c01
anticipatory_dqn_beta1_25,anticipatory_dqn_beta1_25__seed8__seq08,8,iid-eval-seq-08,87c009d1e3bd03fa5e16a46f7b275c56a6ef8a18ac407425f4650a7f4ca63248,8,0,1.25,0.97,,50,50,53450.0,1069.0,433,10,0.2,runs/full_seq8_both_seed8.json,9e13c354cdc18a7fb7384f538846374355d90f7c05dd29ed3c0758e7829d50e6
anticipatory_dqn_beta1_25,anticipatory_dqn_beta1_25__seed8__seq09,9,iid-eval-seq-09,6ae017f60a6803c7ca2238368acbdf87ed6411c70bc3fffa12bfce71f8dc731a,8,0,1.25,0.97,,50,50,43025.0,860.5,363,9,0.18,runs/full_seq9_both_seed8.json,80d90ddfadc1fbaf019208f41e726e5c6693a2ec8e9c247149eef9d9b8d45246
anticipatory_dqn_beta1_25,anticipatory_dqn_beta1_25__seed16__seq00,0,iid-eval-seq-00,b9f56299ab63913fe07b0e9513abfd1a83809107f9bef4cb614cbfb9f798f0e6,16,0,1.25,0.97,,50,50,37875.0,757.5,334,16,0.32,runs/full_seq0_both_seed16.json,6f36b16e2b3fb1f9c41a3f89a66697c330d9f6dd9cf460cb7e6c48de810054a3
anticipatory_dqn_beta1_25,anticipatory_dqn_beta1_25__seed16__seq01,1,iid-eval-seq-01,32e56cebf5f9b0b1dd315e65671f9c00c83dc4391f37f3267b59eb934aa25a27,16,0,1.25,0.97,,50,50,40800.0,816.0,333,14,0.28,runs/full_seq1_both_seed16.json,483b0ff0f9034c50e089d96fd9e4968ecd527ed5302aca8ab16369d81da3767f
anticipatory_dqn_beta1_25,anticipatory_dqn_beta1_25__seed16__seq02,2,iid-eval-seq-02,0ebfe015cf9c9bedd6a2bb21e36385e39c163b34bafeaba83f5f732766f02cf2,16,0,1.25,0.97,,50,50,44650.0,893.0,376,8,0.16,runs/full_seq2_both_seed16.json,49a9026861f091f0c4929f56955475e96399ba784b071b1f9aa6cc191eb09298
anticipatory_dqn_beta1_25,anticipatory_dqn_beta1_25__seed16__seq03,3,iid-eval-seq-03,e3437ffcac376bf3ea5d751859212f6778d88875db803026db7d34eef69e0714,16,0,1.25,0.97,,50,50,51075.0,1021.5,327,12,0.24,runs/full_seq3_both_seed16.json,97375d8ccddf83b502c95a739326358c5ea8e3b9fa1682cb578056f0657b7569
anticipatory_dqn_beta1_25,anticipatory_dqn_beta1_25__seed16__seq04,4,iid-eval-seq-04,502732a7ff83502a0dd3136bcb3499307773c560375b78df4b7c4eb5e4f94e94,16,0,1.25,0.97,,50,50,32675.0,653.5,251,20,0.4,runs/full_seq4_both_seed16.json,3f80fa9995640b27fc19e2a1e229efa935a05900f79e66c12862ab37bdc7e9d2
anticipatory_dqn_beta1_25,anticipatory_dqn_beta1_25__seed16__seq05,5,iid-eval-seq-05,b40350df15f01488efc79a2867bfbe2c0cac06e31d9b4bdcb7da6ba9eb3b31be,16,0,1.25,0.97,,50,50,51150.0,1023.0,375,11,0.22,runs/full_seq5_both_seed16.json,5299dd6f631bd1b4e2955b431fd46ecd7b5c3ba0eae30ef427f5f54749afc9aa
anticipatory_dqn_beta1_25,anticipatory_dqn_beta1_25__seed16__seq06,6,iid-eval-seq-06,3aa36a695104f12fbab3d6c175726994f0cdf0279209a48b66ea7569f69bf19f,16,0,1.25,0.97,,50,50,40600.0,812.0,300,18,0.36,runs/full_seq6_both_seed16.json,1db16a62a125b7c84c0785b655973119ed29fe4ac66f5b676d1e2407059b0ee1
anticipatory_dqn_beta1_25,anticipatory_dqn_beta1_25__seed16__seq07,7,iid-eval-seq-07,7b40cf629c8d104a7cc0dc2ba956ac0fc6f3039d4192e2db4a22aaed075133a8,16,0,1.25,0.97,,50,50,51300.0,1026.0,404,5,0.1,runs/full_seq7_both_seed16.json,8d7e2f8937d88a124d4b358ac4e01eed5797580a6a055b81499bca8eae38c321
anticipatory_dqn_beta1_25,anticipatory_dqn_beta1_25__seed16__seq08,8,iid-eval-seq-08,87c009d1e3bd03fa5e16a46f7b275c56a6ef8a18ac407425f4650a7f4ca63248,16,0,1.25,0.97,,50,50,54775.0,1095.5,452,10,0.2,runs/full_seq8_both_seed16.json,3e5d36938809be2d590c755c82e3b9c05dd668eb06919d50c6f7d86298b2663e
anticipatory_dqn_beta1_25,anticipatory_dqn_beta1_25__seed16__seq09,9,iid-eval-seq-09,6ae017f60a6803c7ca2238368acbdf87ed6411c70bc3fffa12bfce71f8dc731a,16,0,1.25,0.97,,50,50,44075.0,881.5,374,9,0.18,runs/full_seq9_both_seed16.json,6e73d4802ca5d60ffadb887118d861090b60cedc277dbd4f8ae8588675b12d64
